<!DOCTYPE suite SYSTEM "http://testng.org/testng-1.0.dtd">
<suite name="Web Demo Suite" verbose="0" parallel="tests"
	thread-count="100">
	<listeners>
		<listener class-name="com.quantum.listeners.QuantumReportiumListener" />
	</listeners>

	<test name="Web Scenarios Android Test" enabled="true"
		thread-count="10">
		<parameter name="driver.capabilities.model" value="Galaxy.*"></parameter>
		<groups>
			<run>
				<include name="@sampleTestCase" />
			</run>
		</groups>
		<classes>
			<class
				name="com.qmetry.qaf.automation.step.client.gherkin.GherkinScenarioFactory" />
		</classes>
	</test>
	<test name="Web Scenarios iOS Test" enabled="true" thread-count="10">
		<parameter name="driver.capabilities.model" value="iPhone.*"></parameter>
		<groups>
			<run>
				<include name="@sampleTestCase" />
			</run>
		</groups>
		<classes>
			<class
				name="com.qmetry.qaf.automation.step.client.gherkin.GherkinScenarioFactory" />
		</classes>
	</test>
</suite>
