<!DOCTYPE suite SYSTEM "http://testng.org/testng-1.0.dtd">
<suite name="Web Demo Suite" verbose="0" parallel="tests"
	thread-count="100">
	<listeners>
		<listener class-name="com.quantum.listeners.QuantumReportiumListener" />
	</listeners>

	<test name="Web Scenarios Chrome Test" enabled="true">
		<parameter name="perfecto.capabilities.platformName" value="Windows"></parameter>
		<parameter name="perfecto.capabilities.platformVersion"
			value="10"></parameter>
		<parameter name="perfecto.capabilities.browserName" value="Chrome"></parameter>
		<parameter name="perfecto.capabilities.browserVersion"
			value="latest"></parameter>
		<parameter name="perfecto.capabilities.resolution" value="1280x1024"></parameter>
		<parameter name="perfecto.capabilities.location" value="US East"></parameter>
		<parameter name="perfecto.capabilities.deviceType" value="Web"></parameter>
		<parameter name="env.resources" value="src/main/resources/common" />
		<groups>
			<run>
				<include name="@Web" />
			</run>
		</groups>
		<classes>
			<class
				name="com.qmetry.qaf.automation.step.client.gherkin.GherkinScenarioFactory" />
		</classes>
	</test>
	<test name="Web Scenarios Android Test" enabled="true"
		thread-count="10">
		<parameter name="driver.capabilities.model" value="(?!.*Tab).*"></parameter>
		<parameter name="perfecto.additional.capabilities" value="{'openDeviceTimeout':5}" />
		<groups>
			<run>
				<include name="@Web" />
				<include name="@first" />
				<include name="@sampleTestCase" />
				<include name="@locators" />
			</run>
		</groups>
		<classes>
			<class
				name="com.qmetry.qaf.automation.step.client.gherkin.GherkinScenarioFactory" />
		</classes>
	</test>
	<test name="Web Scenarios iOS Test" enabled="true" thread-count="10">
		<parameter name="driver.capabilities.model" value="iPhone.*"></parameter>
		 <parameter name="perfecto.additional.capabilities" value="{'openDeviceTimeout':5}" />
		<parameter name="perfecto.capabilities.browserName" value="Safari"></parameter>
		<groups>
			<run>
				<include name="@Web" />
				<include name="@first" />
				<include name="@sampleTestCase" />
				<include name="@locators" />
			</run>
		</groups>
		<classes>
			<class
				name="com.qmetry.qaf.automation.step.client.gherkin.GherkinScenarioFactory" />
		</classes>
	</test>

    <test name="IOS Expense Tracker Test" enabled="true">
        <parameter name="driver.capabilities.model" value="iPhone.*"></parameter>
         <parameter name="perfecto.additional.capabilities" value="{'openDeviceTimeout':5}" />
        <parameter name="driver.capabilities.app" value="PUBLIC:ExpenseTracker/Native/iOS/InvoiceApp1.0.ipa"></parameter>
        <parameter name="driver.capabilities.bundleId" value="io.perfecto.expense.tracker"/>
        <parameter name="driver.capabilities.iOSResign" value="true"/>
        <parameter name="driver.name" value="perfectoDriver"/>
        <parameter name="env.resources" value="src/main/resources/ios"/>

        <groups>
            <run>
                <include name="@appium"/>
            </run>
        </groups>
        <classes>
            <class name="com.qmetry.qaf.automation.step.client.gherkin.GherkinScenarioFactory"/>
        </classes>
    </test>
    <test name="Android Expense Tracker Test" enabled="true">
        <parameter name="driver.capabilities.model" value="(?!.*Tab).*"></parameter>
        <parameter name="perfecto.additional.capabilities" value="{'openDeviceTimeout':5}" />
        <parameter name="driver.capabilities.app" value="PUBLIC:ExpenseTracker/Native/ExpenseAppVer1.0.apk"></parameter>
        <parameter name="driver.capabilities.appPackage" value="io.perfecto.expense.tracker"/>
        <parameter name="driver.name" value="perfectoDriver"/>
        <parameter name="env.resources" value="src/main/resources/android"/>
        <groups>
            <run>
                <include name="@appium"/>
            </run>
        </groups>
        <classes>
            <class name="com.qmetry.qaf.automation.step.client.gherkin.GherkinScenarioFactory"/>
        </classes>
    </test>
    
    <test name="Android Emulator Expense Tracker Test" enabled="true">
        <parameter name="driver.additional.capabilities" value="{'useVirtualDevice':true}" />
		<parameter name="driver.capabilities.platformName" value="Android"/>
		<parameter name="driver.capabilities.platformVersion" value="11"/>
		<parameter name="driver.capabilities.model" value="pixel 4"/>
		<parameter name="driver.capabilities.app" value="PUBLIC:ExpenseTracker/Native/ExpenseAppVer1.0.apk"/>
		<parameter name="driver.capabilities.appPackage" value="io.perfecto.expense.tracker"/>
		<parameter name="driver.name" value="perfectoDriver"/>
		<parameter name="env.resources" value="src/main/resources/android"/>
        <groups>
            <run>
                <include name="@appium"/>
            </run>
        </groups>
        <classes>
            <class name="com.qmetry.qaf.automation.step.client.gherkin.GherkinScenarioFactory"/>
        </classes>
    </test>
    
    <test name="iOS Simulator Expense Tracker Test" enabled="true">
        <parameter name="driver.additional.capabilities" value="{'useVirtualDevice':true}" />
		<parameter name="driver.capabilities.platformName" value="iOS"/>
		<parameter name="driver.capabilities.platformVersion" value="14.3"/>
		<parameter name="driver.capabilities.deviceName" value="iPhone 11"/>
		<parameter name="driver.capabilities.app" value="PUBLIC:ExpenseTracker/Native/iOS/InvoiceApp.zip"/>
		<parameter name="driver.capabilities.bundleId" value="io.perfecto.expense.tracker"/>
		<parameter name="driver.name" value="perfectoDriver"/>
		<parameter name="env.resources" value="src/main/resources/ios"/>
        <groups>
            <run>
                <include name="@appium"/>
            </run>
        </groups>
        <classes>
            <class name="com.qmetry.qaf.automation.step.client.gherkin.GherkinScenarioFactory"/>
        </classes>
    </test>
</suite>
